﻿pos_x,pos_y,rotation,side,designator,mpn,pack,footprint,value,mount_type,place
117.9535,-103.15,180.0,top,C1,,,C_0805_2012Metric_Pad1.18x1.45mm_HandSolder,100nF,smt,True
107.925,-62.484,0.0,top,C10,,,C_0805_2012Metric_Pad1.18x1.45mm_HandSolder,100nF,smt,True
120.6285,-79.248,180.0,top,C11,,,C_0805_2012Metric_Pad1.18x1.45mm_HandSolder,100nF,smt,True
121.031,-61.2355,-90.0,top,C12,,,C_0805_2012Metric_Pad1.18x1.45mm_HandSolder,10uF,smt,True
104.648,-77.216,90.0,top,C13,,,C_0805_2012Metric_Pad1.18x1.45mm_HandSolder,10uF,smt,True
112.852,-111.024,-90.0,top,C2,,,C_0805_2012Metric_Pad1.18x1.45mm_HandSolder,33pF,smt,True
112.852,-115.342,90.0,top,C3,,,C_0805_2012Metric_Pad1.18x1.45mm_HandSolder,33pF,smt,True
130.886,-105.309,0.0,top,C4,,,C_0805_2012Metric_Pad1.18x1.45mm_HandSolder,100nF,smt,True
122.0365,-118.663,0.0,top,C5,,,C_0805_2012Metric_Pad1.18x1.45mm_HandSolder,100nF,smt,True
115.062,-75.2055,90.0,top,C6,,,C_0805_2012Metric_Pad1.18x1.45mm_HandSolder,1uF,smt,True
117.221,-75.2055,90.0,top,C7,,,C_0805_2012Metric_Pad1.18x1.45mm_HandSolder,100nF,smt,True
106.553,-69.6175,-90.0,top,C8,,,C_0805_2012Metric_Pad1.18x1.45mm_HandSolder,1uF,smt,True
108.941,-69.5745,-90.0,top,C9,,,C_0805_2012Metric_Pad1.18x1.45mm_HandSolder,100nF,smt,True
112.268,-153.543,90.0,top,D1,,,LED_0805_2012Metric_Pad1.15x1.40mm_HandSolder,LED,smt,True
117.983,-99.441,90.0,top,J1,,,PinHeader_1x06_P2.54mm_Vertical,Conn_01x06,tht,True
154.305,-85.99,0.0,top,J10,,,PinHeader_1x02_P2.54mm_Vertical,Conn_01x02,tht,True
154.305,-99.447,0.0,top,J11,,,PinHeader_1x02_P2.54mm_Vertical,Conn_01x02,tht,True
154.305,-113.163,0.0,top,J12,,,PinHeader_1x02_P2.54mm_Vertical,Conn_01x02,tht,True
154.305,-126.757,0.0,top,J13,,,PinHeader_1x02_P2.54mm_Vertical,Conn_01x02,tht,True
154.305,-140.468,0.0,top,J14,,,PinHeader_1x02_P2.54mm_Vertical,Conn_01x02,tht,True
93.345,-61.214,-90.0,top,J15,,,TerminalBlock_bornier-2_P5.08mm,Conn_01x02,tht,True
152.019,-66.559,90.0,top,J16,,,TerminalBlock_bornier-2_P5.08mm,Conn_01x02,tht,True
128.768,-136.139,-90.0,top,J2,,,PinHeader_2x04_P2.54mm_Vertical,Conn_02x04_Odd_Even,tht,True
91.297,-86.614,0.0,top,J3,,,PinHeader_1x03_P2.54mm_Vertical,Conn_01x03,tht,True
91.297,-97.663,0.0,top,J4,,,PinHeader_1x03_P2.54mm_Vertical,Conn_01x03,tht,True
91.297,-108.473,0.0,top,J5,,,PinHeader_1x03_P2.54mm_Vertical,Conn_01x03,tht,True
91.297,-119.395,0.0,top,J6,,,PinHeader_1x03_P2.54mm_Vertical,Conn_01x03,tht,True
91.297,-130.3702,0.0,top,J7,,,PinHeader_1x03_P2.54mm_Vertical,Conn_01x03,tht,True
91.297,-141.366,0.0,top,J8,,,PinHeader_1x03_P2.54mm_Vertical,Conn_01x03,tht,True
154.305,-72.528,0.0,top,J9,,,PinHeader_1x02_P2.54mm_Vertical,Conn_01x02,tht,True
115.57,-63.398,90.0,top,L1,,,L_7.3x7.3_H3.5,22uH,smt,True
109.728,-77.47,-90.0,top,L2,,,L_7.3x7.3_H3.5,22uH,smt,True
147.447,-75.068,180.0,top,Q1,,,SOT-223-3_TabPin2,STN4NF20L,smt,True
147.447,-88.535,180.0,top,Q2,,,SOT-223-3_TabPin2,STN4NF20L,smt,True
147.447,-102.105,180.0,top,Q3,,,SOT-223-3_TabPin2,STN4NF20L,smt,True
147.447,-115.708,180.0,top,Q4,,,SOT-223-3_TabPin2,STN4NF20L,smt,True
147.447,-129.297,180.0,top,Q5,,,SOT-223-3_TabPin2,STN4NF20L,smt,True
147.447,-143.013,180.0,top,Q6,,,SOT-223-3_TabPin2,STN4NF20L,smt,True
121.885,-103.15,180.0,top,R1,,,R_0805_2012Metric_Pad1.20x1.40mm_HandSolder,10k,smt,True
101.584,-104.775,180.0,top,R10,,,R_0805_2012Metric_Pad1.20x1.40mm_HandSolder,620,smt,True
95.107,-107.442,90.0,top,R11,,,R_0805_2012Metric_Pad1.20x1.40mm_HandSolder,1k,smt,True
102.981,-124.079,180.0,top,R12,,,R_0805_2012Metric_Pad1.20x1.40mm_HandSolder,100,smt,True
102.981,-135.0692,0.0,top,R13,,,R_0805_2012Metric_Pad1.20x1.40mm_HandSolder,100,smt,True
102.981,-146.177,180.0,top,R14,,,R_0805_2012Metric_Pad1.20x1.40mm_HandSolder,100,smt,True
101.584,-115.697,180.0,top,R15,,,R_0805_2012Metric_Pad1.20x1.40mm_HandSolder,620,smt,True
95.107,-118.364,90.0,top,R16,,,R_0805_2012Metric_Pad1.20x1.40mm_HandSolder,1k,smt,True
101.584,-126.6872,180.0,top,R17,,,R_0805_2012Metric_Pad1.20x1.40mm_HandSolder,620,smt,True
95.107,-129.4652,90.0,top,R18,,,R_0805_2012Metric_Pad1.20x1.40mm_HandSolder,1k,smt,True
101.584,-137.668,180.0,top,R19,,,R_0805_2012Metric_Pad1.20x1.40mm_HandSolder,620,smt,True
121.869,-105.182,0.0,top,R2,,,R_0805_2012Metric_Pad1.20x1.40mm_HandSolder,470,smt,True
95.107,-140.462,90.0,top,R20,,,R_0805_2012Metric_Pad1.20x1.40mm_HandSolder,1k,smt,True
147.431,-80.91,0.0,top,R21,,,R_0805_2012Metric_Pad1.20x1.40mm_HandSolder,330,smt,True
147.32,-94.377,0.0,top,R22,,,R_0805_2012Metric_Pad1.20x1.40mm_HandSolder,330,smt,True
147.32,-107.947,0.0,top,R23,,,R_0805_2012Metric_Pad1.20x1.40mm_HandSolder,330,smt,True
150.495,-81.91,-90.0,top,R24,,,R_0805_2012Metric_Pad1.20x1.40mm_HandSolder,100k,smt,True
150.622,-95.377,-90.0,top,R25,,,R_0805_2012Metric_Pad1.20x1.40mm_HandSolder,100k,smt,True
150.622,-108.963,-90.0,top,R26,,,R_0805_2012Metric_Pad1.20x1.40mm_HandSolder,100k,smt,True
147.32,-121.55,0.0,top,R27,,,R_0805_2012Metric_Pad1.20x1.40mm_HandSolder,330,smt,True
147.32,-135.139,0.0,top,R28,,,R_0805_2012Metric_Pad1.20x1.40mm_HandSolder,330,smt,True
147.32,-148.855,0.0,top,R29,,,R_0805_2012Metric_Pad1.20x1.40mm_HandSolder,330,smt,True
102.997,-91.313,0.0,top,R3,,,R_0805_2012Metric_Pad1.20x1.40mm_HandSolder,100,smt,True
150.622,-122.566,-90.0,top,R30,,,R_0805_2012Metric_Pad1.20x1.40mm_HandSolder,100k,smt,True
150.622,-136.155,-90.0,top,R31,,,R_0805_2012Metric_Pad1.20x1.40mm_HandSolder,100k,smt,True
150.622,-149.871,-90.0,top,R32,,,R_0805_2012Metric_Pad1.20x1.40mm_HandSolder,100k,smt,True
120.523,-71.136,180.0,top,R33,,,R_0805_2012Metric_Pad1.20x1.40mm_HandSolder,0,smt,False
120.523,-73.168,180.0,top,R34,,,R_0805_2012Metric_Pad1.20x1.40mm_HandSolder,0,smt,False
107.925,-60.198,0.0,top,R35,,,R_0805_2012Metric_Pad1.20x1.40mm_HandSolder,100k,smt,True
103.861,-65.405,90.0,top,R36,,,R_0805_2012Metric_Pad1.20x1.40mm_HandSolder,32k,smt,True
120.666,-81.534,180.0,top,R37,,,R_0805_2012Metric_Pad1.20x1.40mm_HandSolder,100k,smt,True
124.714,-76.327,-90.0,top,R38,,,R_0805_2012Metric_Pad1.20x1.40mm_HandSolder,32k,smt,True
112.268,-149.241,-90.0,top,R39,,,R_0805_2012Metric_Pad1.20x1.40mm_HandSolder,330,smt,True
102.997,-102.235,0.0,top,R4,,,R_0805_2012Metric_Pad1.20x1.40mm_HandSolder,100,smt,True
102.981,-113.157,180.0,top,R5,,,R_0805_2012Metric_Pad1.20x1.40mm_HandSolder,100,smt,True
101.568,-82.931,180.0,top,R6,,,R_0805_2012Metric_Pad1.20x1.40mm_HandSolder,620,smt,True
95.107,-85.614,-90.0,top,R7,,,R_0805_2012Metric_Pad1.20x1.40mm_HandSolder,1k,smt,True
101.584,-93.853,0.0,top,R8,,,R_0805_2012Metric_Pad1.20x1.40mm_HandSolder,620,smt,True
95.107,-96.647,-90.0,top,R9,,,R_0805_2012Metric_Pad1.20x1.40mm_HandSolder,1k,smt,True
126.314,-111.913,0.0,top,U1,,,SOP65P780X200-28N,PIC24F16KA102-I/SS,smt,True
101.584,-87.249,0.0,top,U2,,,SOIC8-N_MC_MCH,MCP6N11-001E/SN,smt,True
101.584,-98.171,0.0,top,U3,,,SOIC8-N_MC_MCH,MCP6N11-001E/SN,smt,True
101.584,-109.093,0.0,top,U4,,,SOIC8-N_MC_MCH,MCP6N11-001E/SN,smt,True
101.584,-120.015,0.0,top,U5,,,SOIC8-N_MC_MCH,MCP6N11-001E/SN,smt,True
101.584,-131.0052,0.0,top,U6,,,SOIC8-N_MC_MCH,MCP6N11-001E/SN,smt,True
101.584,-141.986,0.0,top,U7,,,SOIC8-N_MC_MCH,MCP6N11-001E/SN,smt,True
107.805483,-65.466001,0.0,top,U8,,,DBV0006A-IPC_A,LMR51610XDBVR,smt,True
120.784483,-76.265999,180.0,top,U9,,,DBV0006A-IPC_A,LMR51610XDBVR,smt,True
117.043,-113.056,-90.0,top,Y1,,,HC-49&slash_US_11P4X3P8_IQD,8MHz,smt,True
