﻿Designator,Quantity,Value,Footprint,Package,MPN,DNP,Mount_Type,Description
"C1, C10, C11, C4, C5, C7, C9",7,100nF,C_0805_2012Metric_Pad1.18x1.45mm_HandSolder,,,,smt,"[C4,C5]Unpolarized capacitor; [C10,C11]Capacitor Murata - GRM155R71C104KA88D; [C7,C9]Capacitor Murata - GRM188R71H104KA93D"
"C12, C13",2,10uF,C_0805_2012Metric_Pad1.18x1.45mm_HandSolder,,,,smt,Capacitor Kemet - C0805C106K8PACTU
"C2, C3",2,33pF,C_0805_2012Metric_Pad1.18x1.45mm_HandSolder,,,,smt,Unpolarized capacitor
"C6, C8",2,1uF,C_0805_2012Metric_Pad1.18x1.45mm_HandSolder,,,,smt,Capacitor TDK - C1608X5R1H105K080AB
D1,1,LED,LED_0805_2012Metric_Pad1.15x1.40mm_HandSolder,,,,smt,Light emitting diode
J1,1,Conn_01x06,PinHeader_1x06_P2.54mm_Vertical,,,,tht,"Generic connector, single row, 01x06, script generated (kicad-library-utils/schlib/autogen/connector/)"
"J10, J11, J12, J13, J14, J9",6,Conn_01x02,PinHeader_1x02_P2.54mm_Vertical,,,,tht,"Generic connector, single row, 01x02, script generated (kicad-library-utils/schlib/autogen/connector/)"
"J15, J16",2,Conn_01x02,TerminalBlock_bornier-2_P5.08mm,,,,tht,"Generic connector, single row, 01x02, script generated (kicad-library-utils/schlib/autogen/connector/)"
J2,1,Conn_02x04_Odd_Even,PinHeader_2x04_P2.54mm_Vertical,,,,tht,"Generic connector, double row, 02x04, odd/even pin numbering scheme (row 1 odd numbers, row 2 even numbers), script generated (kicad-library-utils/schlib/autogen/connector/)"
"J3, J4, J5, J6, J7, J8",6,Conn_01x03,PinHeader_1x03_P2.54mm_Vertical,,,,tht,"Generic connector, single row, 01x03, script generated (kicad-library-utils/schlib/autogen/connector/)"
"L1, L2",2,22uH,L_7.3x7.3_H3.5,,,,smt,Indutor NIC Components - NPI105C220MTRF
"Q1, Q2, Q3, Q4, Q5, Q6",6,STN4NF20L,SOT-223-3_TabPin2,,,,smt,"N-channel 200 V, 1.1 Ω, 1 A SOT-223 low gate charge STripFET™ II Power MOSFET"
R1,1,10k,R_0805_2012Metric_Pad1.20x1.40mm_HandSolder,,,,smt,Resistor
"R10, R15, R17, R19, R6, R8",6,620,R_0805_2012Metric_Pad1.20x1.40mm_HandSolder,,,,smt,Resistor
"R11, R16, R18, R20, R7, R9",6,1k,R_0805_2012Metric_Pad1.20x1.40mm_HandSolder,,,,smt,Resistor
"R12, R13, R14, R3, R4, R5",6,100,R_0805_2012Metric_Pad1.20x1.40mm_HandSolder,,,,smt,Resistor
R2,1,470,R_0805_2012Metric_Pad1.20x1.40mm_HandSolder,,,,smt,Resistor
"R21, R22, R23, R27, R28, R29, R39",7,330,R_0805_2012Metric_Pad1.20x1.40mm_HandSolder,,,,smt,Resistor
"R24, R25, R26, R30, R31, R32, R35, R37",8,100k,R_0805_2012Metric_Pad1.20x1.40mm_HandSolder,,,,smt,"[R24,R25,R26,R30,R31,R32]Resistor; [R35,R37]Resistor Vishay-Dale - CRCW0402100KFKED"
R33,1,0,R_0805_2012Metric_Pad1.20x1.40mm_HandSolder,,,Yes,smt,Resistor
R34,1,0,R_0805_2012Metric_Pad1.20x1.40mm_HandSolder,,,,smt,Resistor
"R36, R38",2,32k,R_0805_2012Metric_Pad1.20x1.40mm_HandSolder,,,,smt,Resistor Vishay-Dale - TNPW040232K0BEED
U1,1,PIC24F16KA102-I/SS,SOP65P780X200-28N,,,,smt,"28-Pin General Purpose, 16-Bit Flash Microcontrollers with nanoWatt XLP Technology"
"U2, U3, U4, U5, U6, U7",6,MCP6N11-001E/SN,SOIC8-N_MC_MCH,,,,smt,"500 kHz, 800 µA Instrumentation Amplifier"
"U8, U9",2,LMR51610XDBVR,DBV0006A-IPC_A,,,,smt,"SIMPLE SWITCHER® Power Converter, 4-V to 65-V, 0.6-A/1-A Buck Converter"
Y1,1,8MHz,HC-49&slash_US_11P4X3P8_IQD,,,,smt,Two pin crystal
